{"cameraMode":{"drawMode":0,"name":"Shaded","section":"Shading Mode"},"sceneLighting":false,"audioPlay":false,"sceneViewState":{"showFog":true,"showMaterialUpdate":false,"showSkybox":true,"showFlares":true,"showImageEffects":true,"showParticleSystems":true},"in2DMode":false,"pivot":{"x":550.7904663085938,"y":990.5430297851563,"z":-264.8196716308594},"rotation":{"x":-0.3483642637729645,"y":0.00752616161480546,"z":-0.002954237861558795,"w":-0.9374052882194519},"size":36.1722526550293,"orthographic":false}